City_ID,City,Country,Date,Lat,Lng,Max Temp,Humidity,Cloudiness,Wind Speed
0,Hermanus,ZA,2020-02-24 03:15:56,-34.42,19.23,62.01,77,0,7.0
1,Ucluelet,CA,2020-02-24 03:19:20,48.93,-125.55,45.0,82,61,14.0
2,Perth,AU,2020-02-24 03:20:40,-31.93,115.83,84.2,48,20,19.46
3,Bogande,BF,2020-02-24 03:20:40,12.97,-0.14,73.76,12,0,10.33
4,Ola,RU,2020-02-24 03:20:40,59.58,151.28,0.99,77,5,3.49
5,Mataura,NZ,2020-02-24 03:15:43,-46.19,168.86,72.55,45,10,5.37
6,Yagodnoye,RU,2020-02-24 03:20:41,62.55,149.67,-15.07,86,0,2.68
7,Bay City,US,2020-02-24 03:20:14,43.59,-83.89,42.8,74,1,10.29
8,Dikson,RU,2020-02-24 03:16:15,73.51,80.55,23.9,91,100,27.76
9,Clyde River,CA,2020-02-24 03:16:03,70.47,-68.59,-20.2,75,90,16.11
10,Busselton,AU,2020-02-24 03:20:41,-33.65,115.33,81.0,32,100,15.21
11,Berlevag,NO,2020-02-24 03:20:42,70.86,29.09,35.55,79,100,11.65
12,Ostrovnoy,RU,2020-02-24 03:16:19,68.05,39.51,26.56,92,100,9.4
13,Iqaluit,CA,2020-02-24 03:20:42,63.75,-68.51,-27.0,67,75,4.36
14,Thompson,CA,2020-02-24 03:19:30,55.74,-97.86,12.2,78,90,8.05
15,Vaini,TO,2020-02-24 03:15:49,-21.2,-175.2,84.2,83,75,9.17
16,Rikitea,PF,2020-02-24 03:15:45,-23.12,-134.97,80.06,69,12,7.72
17,Berea,US,2020-02-24 03:20:43,41.37,-81.85,44.6,45,1,10.29
18,Tuktoyaktuk,CA,2020-02-24 03:20:43,69.45,-133.04,-11.2,76,75,10.29
19,Kelvington,CA,2020-02-24 03:20:43,52.17,-103.53,11.07,94,1,5.64
20,East London,ZA,2020-02-24 03:20:44,-33.02,27.91,57.2,87,10,6.93
21,Maragogi,BR,2020-02-24 03:20:44,-9.01,-35.22,81.88,78,66,12.08
22,Kutum,SD,2020-02-24 03:20:44,14.2,24.67,54.5,35,0,11.72
23,Ushuaia,AR,2020-02-24 03:20:44,-54.8,-68.3,42.8,81,40,18.34
24,Alberton,CA,2020-02-24 03:20:44,46.82,-64.07,28.99,36,100,6.91
25,Kerrville,US,2020-02-24 03:20:45,30.05,-99.14,64.99,87,1,10.51
26,Sao Filipe,CV,2020-02-24 03:20:45,14.9,-24.5,67.93,81,25,9.62
27,Vardo,NO,2020-02-24 03:16:26,70.37,31.11,33.85,85,100,13.98
28,Porto Velho,BR,2020-02-24 03:18:20,-8.76,-63.9,77.0,94,40,2.24
29,Lorengau,PG,2020-02-24 03:20:45,-2.02,147.27,83.8,69,74,2.26
30,Santa Vitoria Do Palmar,BR,2020-02-24 03:20:46,-33.52,-53.37,63.9,74,52,10.13
31,Bolgatanga,GH,2020-02-24 03:20:46,10.79,-0.85,78.8,12,0,9.89
32,Karratha,AU,2020-02-24 03:20:46,-20.74,116.85,85.62,61,85,5.03
33,Jamestown,US,2020-02-24 03:20:46,42.1,-79.24,46.4,38,40,10.29
34,Hasaki,JP,2020-02-24 03:20:46,35.73,140.83,61.0,35,20,5.82
35,Qaqortoq,GL,2020-02-24 03:20:46,60.72,-46.03,23.0,73,100,9.17
36,Baruun-Urt,MN,2020-02-24 03:20:47,46.68,113.28,13.32,87,99,9.19
37,Bilibino,RU,2020-02-24 03:16:43,68.05,166.44,-21.17,87,41,2.44
38,Tasiilaq,GL,2020-02-24 03:20:47,65.61,-37.64,6.8,71,0,4.7
39,Hobart,AU,2020-02-24 03:17:00,-42.88,147.33,71.01,60,75,10.29
40,Manbij,SY,2020-02-24 03:20:47,36.53,37.95,42.8,93,75,5.95
41,Poum,NC,2020-02-24 03:20:48,-20.23,164.02,80.46,77,83,21.47
42,Mar Del Plata,AR,2020-02-24 03:20:48,-38.0,-57.56,66.0,82,0,9.17
43,Xinyu,CN,2020-02-24 03:20:48,27.8,114.93,69.8,68,67,7.49
44,Vaitape,PF,2020-02-24 03:18:46,-16.52,-151.75,83.39,70,6,9.04
45,Chokurdakh,RU,2020-02-24 03:20:48,70.63,147.92,-20.76,97,85,3.24
46,Atuona,PF,2020-02-24 03:20:49,-9.8,-139.03,81.27,78,22,12.55
47,Kavaratti,IN,2020-02-24 03:20:49,10.57,72.64,82.4,83,20,4.7
48,Bluff,NZ,2020-02-24 03:16:01,-46.6,168.33,63.72,61,13,12.59
49,Albany,US,2020-02-24 03:19:48,42.6,-73.97,35.01,68,1,3.29
50,Honningsvag,NO,2020-02-24 03:20:49,70.98,25.97,35.87,90,100,15.08
51,Butaritari,KI,2020-02-24 03:16:33,3.07,172.79,84.13,77,35,21.0
52,Pangnirtung,CA,2020-02-24 03:20:50,66.15,-65.71,-33.03,97,100,1.07
53,Georgetown,MY,2020-02-24 03:19:27,5.41,100.34,86.0,58,20,4.7
54,Hithadhoo,MV,2020-02-24 03:20:50,-0.6,73.08,83.39,79,78,13.49
55,Mount Gambier,AU,2020-02-24 03:20:24,-37.83,140.77,77.0,57,40,9.17
56,Tombouctou,ML,2020-02-24 03:20:51,20.0,-3.0,73.17,13,0,16.53
57,Matara,LK,2020-02-24 03:16:52,5.95,80.54,80.08,67,100,6.6
58,Raudeberg,NO,2020-02-24 03:20:51,61.99,5.14,37.4,74,100,16.11
59,Punta Arenas,CL,2020-02-24 03:15:58,-53.15,-70.92,46.4,65,40,26.4
60,Qaanaaq,GL,2020-02-24 03:16:32,77.48,-69.36,-17.82,59,0,6.38
61,Hofn,IS,2020-02-24 03:20:52,64.25,-15.21,40.01,75,100,31.09
62,Kushima,JP,2020-02-24 03:20:52,31.46,131.23,59.0,54,20,5.82
63,Bonavista,CA,2020-02-24 03:20:52,48.65,-53.11,28.99,84,0,10.0
64,Mahebourg,MU,2020-02-24 03:20:52,-20.41,57.7,78.01,94,20,4.7
65,Phalombe,MW,2020-02-24 03:20:52,-15.81,35.65,68.04,91,100,4.14
66,Khatanga,RU,2020-02-24 03:20:53,71.97,102.5,19.26,93,100,18.66
67,Lata,PT,2020-02-24 03:20:53,40.16,-8.33,53.01,93,0,3.36
68,Solhan,TR,2020-02-24 03:20:53,38.96,41.03,21.65,91,25,5.23
69,Aljezur,PT,2020-02-24 03:20:53,37.32,-8.8,60.01,59,0,2.84
70,Fukue,JP,2020-02-24 03:20:53,32.69,128.84,57.2,58,1,9.17
71,Akdepe,TM,2020-02-24 03:20:54,42.06,59.38,39.2,86,13,6.93
72,Emba,KZ,2020-02-24 03:20:54,48.83,58.14,15.35,92,86,8.79
73,Port Alfred,ZA,2020-02-24 03:20:54,-33.59,26.89,57.99,82,0,3.47
74,Nikolskoye,RU,2020-02-24 03:20:54,59.7,30.79,35.6,94,90,6.71
75,Bredasdorp,ZA,2020-02-24 03:20:55,-34.53,20.04,62.01,81,0,5.82
76,Erzin,TR,2020-02-24 03:20:55,36.96,36.2,52.0,100,75,4.7
77,Nouadhibou,MR,2020-02-24 03:20:55,20.93,-17.03,73.4,60,95,17.22
78,Praia Da Vitoria,PT,2020-02-24 03:20:55,38.73,-27.07,55.4,87,40,6.11
79,Xanxere,BR,2020-02-24 03:20:56,-26.88,-52.4,66.34,76,38,1.52
80,Ancud,CL,2020-02-24 03:20:56,-41.87,-73.82,51.8,71,8,8.05
81,Nyurba,RU,2020-02-24 03:20:56,63.28,118.33,3.15,94,100,8.1
82,Saskylakh,RU,2020-02-24 03:20:56,71.92,114.08,6.91,92,76,8.81
83,Longyearbyen,SJ,2020-02-24 03:17:03,78.22,15.64,-4.0,76,40,3.36
84,Rutigliano,IT,2020-02-24 03:20:57,41.01,17.01,50.0,87,5,1.12
85,Lebu,CL,2020-02-24 03:20:57,-37.62,-73.65,54.66,96,17,5.23
86,Narsaq,GL,2020-02-24 03:16:10,60.92,-46.05,23.0,73,100,9.17
87,Kalmunai,LK,2020-02-24 03:20:57,7.42,81.82,80.47,80,100,15.75
88,Saint-Philippe,RE,2020-02-24 03:20:58,-21.36,55.77,77.0,61,19,6.93
89,Yellowknife,CA,2020-02-24 03:20:58,62.46,-114.35,-7.01,63,20,6.93
90,Lavrentiya,RU,2020-02-24 03:20:58,65.58,-171.0,-6.88,75,0,3.78
91,Grand Forks,US,2020-02-24 03:19:00,47.93,-97.03,26.6,79,1,8.05
92,Chuy,UY,2020-02-24 03:20:58,-33.7,-53.46,63.9,74,52,10.13
93,Arraial Do Cabo,BR,2020-02-24 03:20:59,-22.97,-42.03,75.34,70,100,7.4
94,Esperance,AU,2020-02-24 03:20:59,-33.87,121.9,78.8,61,75,18.34
95,Asosa,ET,2020-02-24 03:20:59,10.07,34.53,68.31,17,0,5.86
96,Nome,US,2020-02-24 03:16:40,64.5,-165.41,6.8,77,90,10.29
97,Dunedin,NZ,2020-02-24 03:17:21,-45.87,170.5,66.99,57,42,13.0
98,Waw,SS,2020-02-24 03:21:00,7.7,28.0,69.89,15,0,4.05
99,Kapaa,US,2020-02-24 03:21:00,22.08,-159.32,80.6,65,20,9.17
100,Henties Bay,NA,2020-02-24 03:21:00,-22.12,14.28,64.99,94,100,5.01
101,Constitucion,CL,2020-02-24 03:21:00,-35.33,-72.42,54.75,92,93,5.32
102,Saldanha,ZA,2020-02-24 03:16:22,-33.01,17.94,64.4,52,0,5.82
103,Coihaique,CL,2020-02-24 03:21:01,-45.58,-72.07,53.6,58,39,5.82
104,Lancaster,US,2020-02-24 03:16:59,40.25,-76.25,42.8,32,1,4.7
105,Phonhong,LA,2020-02-24 03:21:01,18.5,102.42,77.0,53,40,6.93
106,Batemans Bay,AU,2020-02-24 03:21:01,-35.72,150.18,82.0,71,0,5.01
107,Richards Bay,ZA,2020-02-24 03:21:01,-28.78,32.04,73.69,67,100,18.48
108,Te Anau,NZ,2020-02-24 03:21:02,-45.42,167.72,61.9,57,0,10.38
109,Mtama,TZ,2020-02-24 03:21:02,-10.3,39.37,72.12,98,60,5.68
110,Kruisfontein,ZA,2020-02-24 03:21:02,-34.0,24.73,53.42,86,0,5.1
111,Vostok,RU,2020-02-24 03:21:02,46.49,135.88,22.55,90,100,2.98
112,Kishi,NG,2020-02-24 03:21:03,9.08,3.85,71.91,15,0,5.21
113,Kichera,RU,2020-02-24 03:21:03,55.94,110.1,8.89,73,26,2.13
114,Hereford,GB,2020-02-24 03:18:17,52.06,-2.71,44.01,95,100,12.03
115,Lompoc,US,2020-02-24 03:16:30,34.64,-120.46,55.99,81,90,8.05
116,Arroyo,ES,2020-02-24 03:21:03,41.61,-4.8,39.99,86,0,3.36
117,Meulaboh,ID,2020-02-24 03:17:03,4.14,96.13,80.53,74,77,4.97
118,Scottsbluff,US,2020-02-24 03:19:01,41.87,-103.67,37.99,58,20,6.93
119,Srivardhan,IN,2020-02-24 03:21:04,18.03,73.02,77.72,45,0,3.09
120,Sarahan,IN,2020-02-24 03:21:04,31.52,77.8,16.12,46,0,13.78
121,Hilo,US,2020-02-24 03:16:39,19.73,-155.09,80.6,57,1,10.29
122,Muros,ES,2020-02-24 03:21:05,42.78,-9.06,55.99,100,0,1.1
123,Porto Santo,PT,2020-02-24 03:21:05,33.07,-16.34,64.4,87,20,12.75
124,Ribeira Grande,PT,2020-02-24 03:21:05,38.52,-28.7,55.54,84,87,7.36
125,Huancayo,PE,2020-02-24 03:21:05,-12.07,-75.23,43.09,98,98,4.59
126,Brae,GB,2020-02-24 03:21:05,60.4,-1.35,39.2,69,64,8.05
127,Chumikan,RU,2020-02-24 03:21:06,54.72,135.31,13.55,78,100,7.34
128,Katsuura,JP,2020-02-24 03:16:30,35.13,140.3,59.0,48,20,4.7
129,Pacific Grove,US,2020-02-24 03:21:06,36.62,-121.92,55.0,76,40,4.7
130,Suntar,RU,2020-02-24 03:21:06,62.14,117.63,14.45,91,100,7.02
131,Benalla,AU,2020-02-24 03:21:06,-36.55,145.98,90.0,30,40,8.05
132,Asau,RO,2020-02-24 03:16:13,46.43,26.4,54.0,58,100,14.99
133,Komsomolskiy,UZ,2020-02-24 03:21:07,40.43,71.72,46.4,81,75,9.17
134,Cape Town,ZA,2020-02-24 03:21:07,-33.93,18.42,64.0,63,0,11.41
135,Umiray,PH,2020-02-24 03:21:07,15.22,121.41,71.6,93,92,10.42
136,Harper,LR,2020-02-24 03:16:55,4.38,-7.72,78.3,94,100,3.51
137,Villazon,BO,2020-02-24 03:21:08,-22.09,-65.59,51.91,81,100,4.63
138,Kodiak,US,2020-02-24 03:21:08,57.79,-152.41,24.8,38,1,13.87
139,Acapulco,MX,2020-02-24 03:21:08,16.86,-99.89,78.8,83,20,8.05
140,Salinas,US,2020-02-24 03:21:08,36.68,-121.66,55.0,87,1,3.36
141,Hirara,JP,2020-02-24 03:21:08,24.8,125.28,75.2,60,75,11.41
142,Mount Isa,AU,2020-02-24 03:21:08,-20.73,139.5,87.8,55,90,11.41
143,Camacha,PT,2020-02-24 03:21:09,33.08,-16.33,64.4,87,20,12.75
144,Avarua,CK,2020-02-24 03:21:09,-21.21,-159.78,78.8,94,100,3.36
145,Mulki,IN,2020-02-24 03:21:09,13.1,74.8,77.0,78,100,4.7
146,Kaitangata,NZ,2020-02-24 03:16:39,-46.28,169.85,63.0,69,86,11.99
147,Castro,BR,2020-02-24 03:19:37,-24.79,-50.01,57.61,94,100,8.41
148,Touros,BR,2020-02-24 03:21:10,-5.2,-35.46,78.8,88,40,3.36
149,Torbay,CA,2020-02-24 03:17:02,47.67,-52.73,30.0,86,5,19.46
150,Severo-Kurilsk,RU,2020-02-24 03:21:10,50.68,156.12,26.6,96,100,34.47
151,Rawson,AR,2020-02-24 03:21:10,-43.3,-65.1,61.7,85,16,9.35
152,Honiara,SB,2020-02-24 03:17:54,-9.43,159.95,87.8,74,20,6.93
153,Alibag,IN,2020-02-24 03:21:11,18.64,72.88,78.8,50,0,3.36
154,Half Moon Bay,US,2020-02-24 03:17:27,37.46,-122.43,57.0,81,20,17.22
155,Aksarka,RU,2020-02-24 03:21:11,66.56,67.8,25.88,90,100,23.89
156,Litovko,RU,2020-02-24 03:21:11,49.24,135.17,17.85,83,100,1.14
157,Tete,MZ,2020-02-24 03:21:11,-16.16,33.59,80.6,78,40,2.55
158,Kautokeino,NO,2020-02-24 03:21:12,69.01,23.04,25.32,87,100,11.79
159,Laguna,US,2020-02-24 03:21:12,38.42,-121.42,59.0,76,1,2.64
160,Sexsmith,CA,2020-02-24 03:21:12,55.35,-118.79,12.2,85,75,8.05
161,Cam Ranh,VN,2020-02-24 03:21:12,11.92,109.16,86.0,48,20,17.22
162,Lincoln,US,2020-02-24 03:21:12,40.8,-96.67,48.2,73,75,12.75
163,New Norfolk,AU,2020-02-24 03:21:13,-42.78,147.06,73.99,60,75,10.29
164,Klaksvik,FO,2020-02-24 03:21:13,62.23,-6.59,37.4,69,59,25.28
165,Bambous Virieux,MU,2020-02-24 03:21:13,-20.34,57.76,78.01,94,20,4.7
166,Pevek,RU,2020-02-24 03:21:13,69.7,170.31,-19.57,95,29,8.79
167,Asfi,MA,2020-02-24 03:16:53,32.3,-9.24,57.45,48,33,3.27
168,Zyryanka,RU,2020-02-24 03:21:14,65.75,150.85,-6.77,88,94,3.62
169,Kagay,PH,2020-02-24 03:21:14,6.01,120.91,86.18,60,53,5.26
170,Leningradskiy,RU,2020-02-24 03:21:14,69.38,178.42,-15.12,71,95,3.89
171,Bethel,US,2020-02-24 03:21:14,41.37,-73.41,42.01,68,1,2.93
172,Iskateley,RU,2020-02-24 03:21:14,67.68,53.15,26.92,86,100,26.37
173,Karasjok,NO,2020-02-24 03:17:06,69.47,25.51,33.8,80,100,31.09
174,Oranjemund,NA,2020-02-24 03:17:01,-28.55,16.43,77.9,25,0,7.85
175,Port Elizabeth,ZA,2020-02-24 03:16:58,-33.92,25.57,51.8,93,22,3.36
176,Barrow,US,2020-02-24 03:21:15,71.29,-156.79,-27.4,74,1,6.93
177,Hoegaarden,BE,2020-02-24 03:21:15,50.78,4.89,44.01,70,99,5.82
178,Olafsvik,IS,2020-02-24 03:21:16,64.89,-23.71,33.35,94,100,10.22
179,Grajau,BR,2020-02-24 03:21:16,-5.82,-46.14,74.3,84,87,2.04
180,Papetoai,PF,2020-02-24 03:21:16,-17.5,-149.87,86.0,66,40,13.87
181,Baykit,RU,2020-02-24 03:21:16,61.67,96.37,10.31,88,98,4.07
182,Libertador General San Martin,AR,2020-02-24 03:21:16,-23.81,-64.79,66.99,89,0,4.0
183,Penhold,CA,2020-02-24 03:21:17,52.13,-113.87,21.2,92,90,4.7
184,Fairbanks,US,2020-02-24 03:20:01,64.84,-147.72,-2.2,69,75,1.66
185,Cherskiy,RU,2020-02-24 03:21:17,68.75,161.3,-19.5,87,55,4.5
186,Sydney,AU,2020-02-24 03:21:15,-33.87,151.21,84.99,48,40,13.87
187,Urumqi,CN,2020-02-24 03:21:17,43.8,87.6,30.2,80,97,2.24
188,Maniitsoq,GL,2020-02-24 03:21:17,65.42,-52.9,10.38,61,34,8.5
189,Merauke,ID,2020-02-24 03:21:18,-8.47,140.33,91.38,56,46,7.9
190,Yerbogachen,RU,2020-02-24 03:21:18,61.28,108.01,16.68,88,100,13.09
191,Tulun,RU,2020-02-24 03:21:18,54.56,100.58,8.64,94,100,3.69
192,Tallahassee,US,2020-02-24 03:19:41,30.44,-84.28,57.0,76,90,2.77
193,Carutapera,BR,2020-02-24 03:21:18,-1.2,-46.02,82.17,82,81,12.48
194,Victoria,HK,2020-02-24 03:20:08,22.29,114.16,75.0,60,20,19.46
195,Point Pedro,LK,2020-02-24 03:21:19,9.82,80.23,79.61,78,99,16.28
196,Ledyard,US,2020-02-24 03:21:19,41.44,-72.01,42.01,74,1,4.7
197,Saint George,US,2020-02-24 03:20:17,37.1,-113.58,54.0,57,1,3.36
198,Talnakh,RU,2020-02-24 03:21:19,69.49,88.4,19.4,92,90,31.32
199,Sao Jose Da Coroa Grande,BR,2020-02-24 03:21:19,-8.9,-35.15,81.88,78,66,12.08
200,Cotonou,BJ,2020-02-24 03:21:20,6.37,2.42,84.2,89,40,10.29
201,Jinchang,CN,2020-02-24 03:21:20,38.5,102.17,37.44,24,9,9.42
202,Hovd,MN,2020-02-24 03:21:20,48.01,91.64,20.41,53,0,1.72
203,Provideniya,RU,2020-02-24 03:21:20,64.38,-173.3,-3.23,66,29,0.96
204,Kasongo-Lunda,CD,2020-02-24 03:21:20,-6.47,16.82,69.08,96,100,1.36
205,Hami,CN,2020-02-24 03:17:20,42.8,93.45,33.84,47,21,3.06
206,Coahuayana,MX,2020-02-24 03:21:21,18.73,-103.68,73.4,88,20,3.36
207,Mayo,US,2020-02-24 03:16:51,38.89,-76.51,46.4,66,1,6.93
208,Vila Franca Do Campo,PT,2020-02-24 03:21:21,37.72,-25.43,51.8,87,20,4.52
209,Tiksi,RU,2020-02-24 03:21:21,71.69,128.87,-5.73,87,97,7.96
210,Dzerzhinsk,RU,2020-02-24 03:19:39,56.24,43.46,34.0,95,90,13.42
211,Lagoa,PT,2020-02-24 03:21:22,39.05,-27.98,59.83,79,84,11.21
212,Miguel Calmon,BR,2020-02-24 03:19:31,-11.43,-40.59,71.69,87,98,2.53
213,Bloemfontein,ZA,2020-02-24 03:18:43,-29.12,26.21,55.4,87,0,5.82
214,Male,MV,2020-02-24 03:21:22,4.17,73.51,82.4,83,40,16.11
215,Aloleng,PH,2020-02-24 03:21:22,16.13,119.78,88.18,41,0,13.67
216,Pasighat,IN,2020-02-24 03:21:23,28.07,95.33,67.03,67,0,3.65
217,Yumen,CN,2020-02-24 03:21:23,40.28,97.2,36.66,32,0,5.19
218,Souillac,MU,2020-02-24 03:21:23,-20.52,57.52,78.01,94,20,4.7
219,La Palma,US,2020-02-24 03:21:23,33.85,-118.05,60.8,63,1,4.7
220,Ahipara,NZ,2020-02-24 03:21:23,-35.17,173.17,67.77,71,0,24.7
221,Bonfim,BR,2020-02-24 03:21:24,3.08,-59.95,82.72,59,0,6.53
222,Chulumani,BO,2020-02-24 03:21:24,-16.41,-67.53,55.62,99,100,1.25
223,Faanui,PF,2020-02-24 03:21:24,-16.48,-151.75,83.39,70,6,9.04
224,Dingle,PH,2020-02-24 03:21:24,11.0,122.67,82.51,70,89,14.38
225,San Jose,US,2020-02-24 03:17:53,37.34,-121.89,55.99,76,5,5.82
226,Colquiri,BO,2020-02-24 03:21:25,-17.42,-67.13,45.32,94,100,6.42
227,Parrita,CR,2020-02-24 03:21:25,9.52,-84.32,69.8,56,78,17.22
228,Biak,ID,2020-02-24 03:21:25,-0.91,122.88,85.21,70,49,7.18
229,Cabra,ES,2020-02-24 03:21:25,37.47,-4.44,50.0,86,0,1.12
230,Waddan,LY,2020-02-24 03:21:26,29.16,16.14,47.12,79,0,5.32
231,Marsa Matruh,EG,2020-02-24 03:21:26,31.35,27.25,50.0,81,40,5.82
232,Alice Springs,AU,2020-02-24 03:21:26,-23.7,133.88,93.2,24,58,17.22
233,Arlit,NE,2020-02-24 03:21:26,18.74,7.39,62.65,19,0,14.23
234,Vila Velha,BR,2020-02-24 03:21:26,-20.33,-40.29,75.2,73,75,6.93
235,Tomatlan,MX,2020-02-24 03:21:26,19.93,-105.25,72.05,50,0,2.86
236,Cidreira,BR,2020-02-24 03:21:27,-30.18,-50.21,72.64,75,15,25.12
237,Gurh,IN,2020-02-24 03:21:27,24.52,81.52,69.22,63,0,1.39
238,Nesbyen,NO,2020-02-24 03:21:27,60.57,9.1,24.01,75,0,8.01
239,Zeya,RU,2020-02-24 03:21:28,53.75,127.27,13.46,84,6,5.23
240,Kavieng,PG,2020-02-24 03:21:28,-2.57,150.8,85.08,69,24,10.0
241,Windhoek,NA,2020-02-24 03:16:50,-22.56,17.08,64.4,72,99,3.36
242,Puerto Ayora,EC,2020-02-24 03:21:28,-0.74,-90.35,79.0,100,88,4.25
243,Shenjiamen,CN,2020-02-24 03:21:28,29.96,122.3,55.27,88,55,19.69
244,Rantauprapat,ID,2020-02-24 03:21:28,2.1,99.83,86.86,63,53,1.54
245,Erenhot,CN,2020-02-24 03:21:29,43.65,111.98,24.87,75,80,14.03
246,Idritsa,RU,2020-02-24 03:21:29,56.33,28.9,34.43,89,100,7.83
247,Mogadishu,SO,2020-02-24 03:21:29,2.04,45.34,79.95,81,80,23.78
248,Kailua,US,2020-02-24 03:21:29,21.4,-157.74,82.4,73,75,10.29
249,Starominskaya,RU,2020-02-24 03:21:29,46.53,39.05,40.6,85,100,14.18
250,Kahului,US,2020-02-24 03:21:30,20.89,-156.47,78.8,61,40,11.41
251,Sechura,PE,2020-02-24 03:21:30,-5.56,-80.82,75.85,80,86,8.01
252,Taoudenni,ML,2020-02-24 03:21:30,22.68,-3.98,69.91,13,0,15.35
253,Susanville,US,2020-02-24 03:21:30,40.42,-120.65,48.2,39,1,12.75
254,Yulara,AU,2020-02-24 03:21:31,-25.24,130.99,95.0,13,0,16.11
255,Phalodi,IN,2020-02-24 03:21:31,27.13,72.37,66.9,47,0,7.67
256,Los Llanos De Aridane,ES,2020-02-24 03:21:31,28.66,-17.92,73.4,49,90,8.05
257,Tagbubunga,PH,2020-02-24 03:21:31,10.58,123.72,84.2,70,40,11.41
258,Romans-Sur-Isere,FR,2020-02-24 03:21:32,45.05,5.06,50.0,65,0,2.24
259,Atkarsk,RU,2020-02-24 03:21:32,51.87,45.01,32.86,94,100,12.21
260,Imeni Poliny Osipenko,RU,2020-02-24 03:21:32,52.42,136.49,10.85,86,100,4.83
261,Kerouane,GN,2020-02-24 03:21:32,9.27,-9.02,73.02,22,44,2.48
262,Mastic Beach,US,2020-02-24 03:21:32,40.77,-72.85,42.8,69,1,4.7
263,Altay,CN,2020-02-24 03:21:33,47.87,88.12,11.12,77,0,3.13
264,Carnarvon,AU,2020-02-24 03:21:33,-24.87,113.63,84.2,62,0,10.29
265,Viedma,AR,2020-02-24 03:21:34,-40.81,-63.0,78.8,34,0,16.35
266,Bubaque,GW,2020-02-24 03:17:14,11.28,-15.83,79.74,64,88,15.39
267,Plouzane,FR,2020-02-24 03:21:34,48.38,-4.62,51.8,93,90,20.8
268,Barranca,PE,2020-02-24 03:21:34,-10.75,-77.77,73.62,88,24,10.65
269,Alofi,NU,2020-02-24 03:17:08,-19.06,-169.92,84.2,83,100,8.05
270,Mago,RU,2020-02-24 03:21:34,53.25,140.18,8.6,80,56,3.29
271,Lalmohan,BD,2020-02-24 03:21:35,22.34,90.74,76.66,49,0,3.78
272,Geraldton,AU,2020-02-24 03:21:35,-28.77,114.6,84.2,66,0,12.75
273,Gorlitz,DE,2020-02-24 03:21:35,51.16,14.99,37.99,90,100,3.0
274,Husavik,IS,2020-02-24 03:21:35,66.04,-17.34,26.02,92,100,6.04
275,Comodoro Rivadavia,AR,2020-02-24 03:21:36,-45.87,-67.5,59.0,82,100,13.76
276,Naryan-Mar,RU,2020-02-24 03:21:36,67.67,53.09,26.92,86,100,26.37
277,Norman Wells,CA,2020-02-24 03:21:36,65.28,-126.83,3.2,84,75,2.24
278,Biga,TR,2020-02-24 03:21:36,40.23,27.24,39.0,49,67,8.05
279,Sobolevo,RU,2020-02-24 03:21:37,54.43,31.9,29.97,90,46,6.44
280,Stokmarknes,NO,2020-02-24 03:21:37,68.56,14.91,30.99,92,100,11.01
281,Burnie,AU,2020-02-24 03:21:37,-41.07,145.92,73.0,64,85,5.99
282,Fort Nelson,CA,2020-02-24 03:21:37,58.81,-122.7,21.2,62,75,3.36
283,Egvekinot,RU,2020-02-24 03:21:37,66.32,-179.17,-22.5,87,0,2.39
284,Pisco,PE,2020-02-24 03:16:47,-13.7,-76.22,77.0,78,75,8.05
285,Birjand,IR,2020-02-24 03:21:38,32.87,59.22,35.6,64,54,4.7
286,Rey Bouba,CM,2020-02-24 03:21:38,8.67,14.18,68.95,16,0,1.01
287,Porto Walter,BR,2020-02-24 03:17:47,-8.27,-72.74,71.42,90,69,1.74
288,Daverdisse,BE,2020-02-24 03:21:38,50.02,5.12,42.8,80,100,2.24
289,Sorland,NO,2020-02-24 03:21:38,67.67,12.69,34.41,55,100,27.96
290,Novikovo,RU,2020-02-24 03:21:39,51.15,37.89,30.85,95,93,7.52
291,Eyl,SO,2020-02-24 03:21:39,7.98,49.82,78.01,75,100,18.34
292,Amga,RU,2020-02-24 03:21:39,60.9,131.96,0.77,92,100,3.69
293,Verkhoyansk,RU,2020-02-24 03:21:39,67.54,133.38,-10.75,91,37,3.69
294,Boyolangu,ID,2020-02-24 03:21:39,-8.12,111.89,85.62,70,60,5.91
295,Dudinka,RU,2020-02-24 03:21:40,69.41,86.18,19.4,92,90,31.32
296,Sitka,US,2020-02-24 03:21:40,57.05,-135.33,33.8,80,75,5.82
297,Shingu,JP,2020-02-24 03:21:40,33.73,135.98,57.2,47,0,10.29
298,Grand Gaube,MU,2020-02-24 03:17:55,-20.01,57.66,78.01,94,20,4.7
299,Gamba,GA,2020-02-24 03:21:40,-2.65,10.0,77.38,91,100,3.76
300,Anadyr,RU,2020-02-24 03:20:03,64.75,177.48,-18.4,68,77,2.24
301,Port Hedland,AU,2020-02-24 03:21:41,-20.32,118.57,98.6,30,85,3.36
302,Sao Joao Da Barra,BR,2020-02-24 03:21:41,-21.64,-41.05,74.35,74,100,5.86
303,West Wendover,US,2020-02-24 03:21:41,40.74,-114.07,41.0,44,1,3.36
304,Altoona,US,2020-02-24 03:21:41,40.52,-78.39,42.8,38,90,5.82
305,Seidu,SL,2020-02-24 03:21:42,9.02,-10.6,73.4,68,82,2.39
306,Yibin,CN,2020-02-24 03:21:42,28.77,104.62,60.53,52,46,2.1
307,Kimbe,PG,2020-02-24 03:21:42,-5.55,150.14,84.69,75,63,6.71
308,Boende,CD,2020-02-24 03:21:42,-0.22,20.87,72.64,95,100,3.53
309,Tura,IN,2020-02-24 03:19:01,25.52,90.22,72.79,45,100,5.57
310,Laurel,US,2020-02-24 03:21:43,39.1,-76.85,45.0,64,1,4.5
311,Korla,CN,2020-02-24 03:21:43,41.76,86.15,44.01,79,51,1.99
312,Salalah,OM,2020-02-24 03:16:47,17.02,54.09,73.4,73,20,2.24
313,Bayan,CN,2020-02-24 03:21:43,46.08,127.4,17.92,90,70,10.18
314,Paamiut,GL,2020-02-24 03:21:43,61.99,-49.67,14.38,89,99,12.8
315,Ojinaga,MX,2020-02-24 03:21:44,29.57,-104.42,68.0,16,1,9.17
316,Moroni,KM,2020-02-24 03:21:44,-11.7,43.26,83.86,79,94,10.94
317,Sapa,PH,2020-02-24 03:21:44,5.15,120.32,81.95,77,0,10.02
318,Luanda,AO,2020-02-24 03:21:44,-8.84,13.23,78.8,88,75,3.36
319,Ponta Do Sol,PT,2020-02-24 03:21:44,32.67,-17.1,69.01,68,20,17.22
320,Airai,TL,2020-02-24 03:21:45,-8.93,125.41,81.59,60,22,3.53
321,Tabas,IR,2020-02-24 03:21:45,33.6,56.92,50.0,38,44,4.7
322,Caravelas,BR,2020-02-24 03:21:45,-17.71,-39.25,79.81,85,63,13.58
323,Jalu,LY,2020-02-24 03:21:45,29.03,21.55,50.36,71,53,8.46
324,Basco,PH,2020-02-24 03:17:52,20.45,121.97,75.15,80,51,21.59
325,Namibe,AO,2020-02-24 03:17:33,-15.2,12.15,73.06,77,83,5.59
326,Shakawe,BW,2020-02-24 03:21:46,-18.37,21.85,66.13,97,100,3.69
327,Tsaratanana,MG,2020-02-24 03:21:46,-16.78,47.65,69.01,96,90,1.01
328,San Francisco De Coray,HN,2020-02-24 03:21:46,13.66,-87.53,82.4,72,20,6.93
329,Abha,SA,2020-02-24 03:21:46,18.22,42.51,59.0,93,14,5.82
330,Codrington,AU,2020-02-24 03:21:46,-38.27,141.97,62.82,86,51,13.11
331,Kismayo,SO,2020-02-24 03:21:47,-0.36,42.55,82.24,79,92,19.73
332,Hambantota,LK,2020-02-24 03:21:47,6.12,81.12,77.0,100,40,10.29
333,Quatre Cocos,MU,2020-02-24 03:21:47,-20.21,57.76,78.01,94,20,4.7
334,Chernaya Kholunitsa,RU,2020-02-24 03:21:47,58.85,51.72,24.67,93,100,12.59
335,Hualmay,PE,2020-02-24 03:17:23,-11.1,-77.61,75.07,67,55,3.49
336,Prince Rupert,CA,2020-02-24 03:20:35,54.32,-130.32,33.8,86,90,4.7
337,Zabol,AF,2020-02-24 03:21:48,32.25,67.25,34.63,62,0,3.56
338,Poronaysk,RU,2020-02-24 03:21:48,49.22,143.12,16.25,76,0,3.42
339,Odoyev,RU,2020-02-24 03:21:48,53.94,36.69,28.67,92,5,8.08
340,Lipari,IT,2020-02-24 03:21:48,38.47,14.95,55.99,87,40,5.82
341,Belmonte,BR,2020-02-24 03:21:48,-15.86,-38.88,77.0,83,75,3.36
342,Strezhevoy,RU,2020-02-24 03:21:49,60.73,77.59,12.2,85,98,8.95
343,Corrientes,AR,2020-02-24 03:21:49,-27.48,-58.83,68.0,88,56,2.24
344,Fort Morgan,US,2020-02-24 03:21:49,40.25,-103.8,37.99,43,40,6.93
345,Port Hardy,CA,2020-02-24 03:21:49,50.7,-127.42,39.2,80,75,12.75
346,Canete,CL,2020-02-24 03:21:50,-37.8,-73.4,58.35,92,53,7.29
347,Tuatapere,NZ,2020-02-24 03:21:50,-46.13,167.68,69.21,38,18,2.68
348,North Bend,US,2020-02-24 03:21:50,43.41,-124.22,46.99,75,90,4.7
349,Bengkulu,ID,2020-02-24 03:21:50,-3.8,102.27,86.94,55,0,4.63
350,Cabo San Lucas,MX,2020-02-24 03:19:31,22.89,-109.91,69.01,82,5,4.7
351,Nikki,BJ,2020-02-24 03:21:50,9.94,3.21,73.27,15,0,6.67
352,Manta,EC,2020-02-24 03:21:51,-0.95,-80.73,82.4,83,75,6.93
353,Ouallam,NE,2020-02-24 03:21:51,14.32,2.09,74.05,14,0,13.04
354,Zaoyang,CN,2020-02-24 03:21:51,32.13,112.75,67.39,66,60,13.06
355,Vryburg,ZA,2020-02-24 03:21:51,-26.96,24.73,60.21,79,57,5.91
356,Verkhnevilyuysk,RU,2020-02-24 03:21:51,63.45,120.32,2.75,94,100,7.31
357,Gorodets,RU,2020-02-24 03:21:52,56.65,43.48,34.0,92,90,11.18
358,Rocha,UY,2020-02-24 03:21:52,-34.48,-54.33,59.22,84,8,8.75
359,Margate,GB,2020-02-24 03:21:52,51.38,1.39,46.0,100,100,5.82
360,Vendome,FR,2020-02-24 03:21:52,47.8,1.07,51.8,100,90,11.41
361,Correia Pinto,BR,2020-02-24 03:21:52,-27.58,-50.36,58.53,84,84,7.61
362,Zemio,CF,2020-02-24 03:21:53,5.03,25.14,69.39,19,44,1.77
363,Alta Floresta,BR,2020-02-24 03:21:53,-9.88,-56.09,72.7,95,100,1.68
364,Omboue,GA,2020-02-24 03:17:06,-1.57,9.26,74.68,96,98,2.71
365,Haizhou,CN,2020-02-24 03:21:53,34.58,119.13,48.52,83,100,7.67
366,Makat,KZ,2020-02-24 03:21:53,47.65,53.35,38.79,97,100,7.47
367,Kroya,ID,2020-02-24 03:21:54,-7.63,109.25,88.36,61,0,7.56
368,Den Helder,NL,2020-02-24 03:21:54,52.96,4.76,43.0,81,90,8.05
369,Port Keats,AU,2020-02-24 03:21:54,-14.25,129.55,89.06,63,100,13.67
370,Sutton,GB,2020-02-24 03:21:54,51.35,-0.2,45.0,93,75,6.93
371,Kyren,RU,2020-02-24 03:21:54,51.68,102.14,8.82,88,100,2.28
372,Durban,ZA,2020-02-24 03:21:55,-29.86,31.03,66.0,82,40,5.82
373,Fukuma,JP,2020-02-24 03:21:55,33.77,130.47,62.01,44,58,3.36
374,Savantvadi,IN,2020-02-24 03:21:55,15.9,73.82,78.8,61,20,2.24
375,Tieli,CN,2020-02-24 03:21:55,46.95,128.05,17.37,93,100,7.92
376,San Quintin,MX,2020-02-24 03:21:55,30.48,-115.95,57.34,81,8,16.55
377,Allapalli,IN,2020-02-24 03:17:38,19.42,80.07,75.51,63,0,5.88
378,Dubbo,AU,2020-02-24 03:21:56,-32.25,148.62,80.6,47,90,3.36
379,Quelimane,MZ,2020-02-24 03:21:56,-17.88,36.89,80.6,94,20,3.36
380,Ordynskoye,RU,2020-02-24 03:21:56,54.37,81.9,15.44,95,85,1.14
381,Sur,OM,2020-02-24 03:21:56,22.57,59.53,70.81,56,67,2.95
382,Nara,JP,2020-02-24 03:21:20,34.69,135.8,53.6,37,0,9.17
383,Demir Hisar,MK,2020-02-24 03:21:57,41.22,21.2,41.18,52,0,5.95
384,Cotmeana,RO,2020-02-24 03:21:57,44.97,24.62,46.99,64,100,7.2
385,Slovenske Konjice,SI,2020-02-24 03:21:57,46.34,15.43,50.0,93,100,2.24
386,Luena,AO,2020-02-24 03:21:57,-11.78,19.92,64.85,98,100,4.09
387,Novo Aripuana,BR,2020-02-24 03:21:58,-5.12,-60.38,74.86,96,85,0.98
388,Joshimath,IN,2020-02-24 03:21:58,30.57,79.57,35.42,43,39,6.6
389,Stafford,GB,2020-02-24 03:18:17,52.81,-2.12,42.01,75,100,14.99
390,Ratnagiri,IN,2020-02-24 03:21:58,16.98,73.3,79.25,36,0,1.41
391,Nanortalik,GL,2020-02-24 03:21:58,60.14,-45.24,27.36,81,100,5.79
392,Kisangani,CD,2020-02-24 03:21:59,0.52,25.2,75.06,82,100,3.8
393,Daokou,CN,2020-02-24 03:21:59,35.56,114.51,49.39,74,100,8.66
394,Port Lincoln,AU,2020-02-24 03:21:59,-34.73,135.87,79.86,42,0,9.4
395,Kozmodemyansk,RU,2020-02-24 03:21:59,56.34,46.57,30.2,100,75,11.18
396,Necochea,AR,2020-02-24 03:21:59,-38.55,-58.74,66.13,57,0,14.76
397,Samarai,PG,2020-02-24 03:22:00,-10.62,150.67,87.39,65,3,7.47
398,Dubuque,US,2020-02-24 03:22:00,42.48,-90.87,37.0,80,1,9.62
399,Adrar,MR,2020-02-24 03:22:00,20.5,-10.07,80.35,10,100,11.56
400,Inhambane,MZ,2020-02-24 03:22:00,-23.86,35.38,76.69,75,100,28.01
401,Port Macquarie,AU,2020-02-24 03:20:58,-31.43,152.92,75.99,88,75,3.36
402,Khorinsk,RU,2020-02-24 03:22:01,52.17,109.77,9.66,79,33,1.52
403,Sibolga,ID,2020-02-24 03:17:35,1.74,98.78,85.73,55,71,3.27
404,Rae Bareli,IN,2020-02-24 03:22:01,26.22,81.23,66.2,82,40,2.24
405,Hlotse,LS,2020-02-24 03:22:01,-28.87,28.05,50.16,94,48,2.21
406,Lubao,PH,2020-02-24 03:22:01,14.92,120.55,87.8,58,75,11.41
407,Camacupa,AO,2020-02-24 03:22:01,-12.02,17.48,64.24,97,100,5.14
408,Namatanai,PG,2020-02-24 03:20:32,-3.67,152.43,86.45,70,100,11.52
409,Lewistown,US,2020-02-24 03:22:02,40.6,-77.57,42.8,55,75,5.84
410,Byron Bay,AU,2020-02-24 03:22:02,-28.65,153.62,77.0,88,90,8.05
411,Oistins,BB,2020-02-24 03:18:58,13.07,-59.53,78.8,78,40,16.11
412,Ayan,RU,2020-02-24 03:22:03,56.45,138.17,11.89,67,55,2.75
413,Gottmadingen,DE,2020-02-24 03:22:03,47.74,8.78,55.99,71,75,10.29
414,Homer,US,2020-02-24 03:22:03,59.64,-151.55,21.2,52,1,6.93
415,Okhotsk,RU,2020-02-24 03:18:56,59.38,143.3,-2.36,71,53,6.24
416,Khasan,RU,2020-02-24 03:22:04,42.43,130.64,39.69,40,0,18.14
417,Qui Nhon,VN,2020-02-24 03:22:04,13.77,109.23,75.56,65,0,6.33
418,Fortuna,US,2020-02-24 03:22:04,40.6,-124.16,50.0,93,90,6.93
419,Montabaur,DE,2020-02-24 03:22:05,50.43,7.83,42.01,75,90,4.7
420,Leshukonskoye,RU,2020-02-24 03:22:05,64.9,45.76,30.47,88,100,13.87
421,Upernavik,GL,2020-02-24 03:22:05,72.79,-56.15,-19.8,86,1,4.72
422,Itarema,BR,2020-02-24 03:22:05,-2.92,-39.92,75.42,96,4,3.02
423,Mopipi,BW,2020-02-24 03:22:06,-21.18,24.88,69.67,76,99,20.04
424,Kenai,US,2020-02-24 03:22:06,60.55,-151.26,15.8,61,1,3.36
425,Bara,NG,2020-02-24 03:22:06,10.37,10.73,67.06,21,0,8.25
426,Aquiraz,BR,2020-02-24 03:22:06,-3.9,-38.39,82.4,83,40,5.82
427,Tuscaloosa,US,2020-02-24 03:22:06,33.21,-87.57,53.6,50,90,3.36
428,Stilfontein,ZA,2020-02-24 03:22:07,-26.84,26.77,55.78,78,100,8.25
429,Soyo,AO,2020-02-24 03:22:07,-6.13,12.37,78.51,86,98,1.59
430,Arkhipo-Osipovka,RU,2020-02-24 03:22:07,44.37,38.52,41.07,85,100,16.28
431,Skibbereen,IE,2020-02-24 03:22:07,51.55,-9.27,50.0,100,75,27.51
432,Belyy Yar,RU,2020-02-24 03:22:07,53.6,91.39,17.6,85,96,2.24
433,Petropavlovsk-Kamchatskiy,RU,2020-02-24 03:22:08,53.05,158.65,32.0,78,40,11.18
434,Bomet,KE,2020-02-24 03:22:08,-0.78,35.34,55.02,90,100,5.46
435,San Sebastian Coatan,GT,2020-02-24 03:22:08,15.74,-91.57,47.61,83,0,2.66
436,Kerchevskiy,RU,2020-02-24 03:22:08,59.95,56.29,24.66,91,100,15.52
437,Labuhan,ID,2020-02-24 03:22:09,-6.88,112.21,84.34,78,0,7.56
438,El Reno,US,2020-02-24 03:22:09,35.53,-97.95,54.0,100,90,16.11
439,Marystown,CA,2020-02-24 03:22:09,47.17,-55.15,30.4,85,0,8.81
440,Nynashamn,SE,2020-02-24 03:22:09,58.9,17.95,35.01,64,0,9.17
441,Tahta,EG,2020-02-24 03:22:09,26.77,31.5,53.6,40,52,4.7
442,Dzaoudzi,YT,2020-02-24 03:22:10,-12.79,45.27,80.6,94,75,4.7
443,Mecca,SA,2020-02-24 03:22:10,21.43,39.83,67.86,69,62,0.98
444,Jizan,SA,2020-02-24 03:22:10,17.33,42.67,75.2,88,40,3.36
445,Tarko-Sale,RU,2020-02-24 03:22:10,64.92,77.78,24.01,90,100,3.0
446,Corleone,IT,2020-02-24 03:22:11,37.81,13.3,51.8,76,0,9.17
447,La Ronge,CA,2020-02-24 03:22:11,55.1,-105.28,30.2,63,90,5.82
448,Dalen,NL,2020-02-24 03:22:11,52.7,6.76,41.0,86,64,9.17
449,Flinders,AU,2020-02-24 03:22:11,-34.58,150.86,84.99,45,0,17.22
450,Aripuana,BR,2020-02-24 03:22:11,-9.17,-60.63,73.4,98,91,1.45
451,Hauterive,FR,2020-02-24 03:22:12,46.09,3.45,46.4,80,72,1.12
452,Matay,EG,2020-02-24 03:22:12,28.42,30.78,46.89,76,68,2.59
453,Port Shepstone,ZA,2020-02-24 03:22:12,-30.74,30.45,58.66,90,15,6.02
454,Pokhara,NP,2020-02-24 03:22:12,28.23,83.98,63.01,45,0,2.17
455,Santa Isabel Do Rio Negro,BR,2020-02-24 03:17:57,-0.41,-65.02,77.18,87,64,2.04
456,Pachino,IT,2020-02-24 03:22:12,36.72,15.09,42.01,80,0,4.7
457,Miyako,JP,2020-02-24 03:22:13,39.64,141.95,45.03,46,2,7.29
458,Lufilufi,WS,2020-02-24 03:22:13,-13.87,-171.6,86.0,84,75,3.36
459,Deputatskiy,RU,2020-02-24 03:22:13,69.3,139.9,-16.42,92,0,2.98
460,Senador Jose Porfirio,BR,2020-02-24 03:22:13,-2.59,-51.95,76.06,93,100,3.11
461,Pochutla,MX,2020-02-24 03:22:14,15.74,-96.47,80.6,74,5,15.39
462,Pavlohrad,UA,2020-02-24 03:22:14,48.52,35.87,39.2,86,75,13.42
463,Mezhevoy,RU,2020-02-24 03:22:14,55.17,58.78,17.85,87,100,5.75
464,Alekseyevsk,RU,2020-02-24 03:22:14,57.84,108.35,13.71,93,97,8.19
465,Comacchio,IT,2020-02-24 03:22:14,44.7,12.19,46.99,87,68,2.24
466,Mitsamiouli,KM,2020-02-24 03:19:32,-11.38,43.28,83.86,79,94,10.94
467,Aklavik,CA,2020-02-24 03:22:15,68.22,-135.01,-5.8,83,90,3.36
468,Padang,ID,2020-02-24 03:22:15,-0.95,100.35,78.62,65,0,7.27
469,Zhanakorgan,KZ,2020-02-24 03:22:15,43.91,67.25,34.84,60,100,2.66
470,Sosnovo-Ozerskoye,RU,2020-02-24 03:22:15,52.52,111.54,6.35,84,14,3.62
471,Ternate,ID,2020-02-24 03:22:16,0.8,127.4,86.16,64,100,4.14
472,Havre-Saint-Pierre,CA,2020-02-24 03:22:16,50.23,-63.6,24.8,100,90,2.24
473,Mahon,ES,2020-02-24 03:22:16,39.89,4.27,48.2,93,0,5.82
474,Antsla,EE,2020-02-24 03:22:16,57.83,26.54,34.0,92,8,11.41
475,Houston,US,2020-02-24 03:22:16,29.76,-95.36,64.4,88,90,6.93
476,Erdenet,MN,2020-02-24 03:22:17,49.03,104.08,12.76,87,100,3.04
477,Peking,CN,2020-02-24 03:22:17,39.91,116.4,50.0,42,100,6.71
478,Port Blair,IN,2020-02-24 03:22:17,11.67,92.75,81.72,74,38,13.73
479,Luderitz,NA,2020-02-24 03:22:17,-26.65,15.16,73.24,49,0,7.23
480,Ormara,PK,2020-02-24 03:22:17,25.21,64.64,72.61,76,0,10.47
481,Ust-Kan,RU,2020-02-24 03:22:17,50.93,84.76,8.29,95,84,1.66
482,Karasuk,RU,2020-02-24 03:22:18,53.74,78.04,13.35,96,88,4.81
483,Okha,RU,2020-02-24 03:22:18,53.57,142.95,5.4,92,70,10.22
484,Sunrise Manor,US,2020-02-24 03:20:11,36.21,-115.07,60.8,67,1,2.24
485,Champerico,GT,2020-02-24 03:22:18,14.3,-91.92,78.57,74,37,4.07
486,Libreville,GA,2020-02-24 03:22:18,0.39,9.45,84.2,83,20,4.7
487,Qasigiannguit,GL,2020-02-24 03:22:19,68.82,-51.19,1.4,64,100,10.29
488,San Patricio,MX,2020-02-24 03:22:19,19.22,-104.7,77.5,76,0,6.91
489,Yaan,NG,2020-02-24 03:22:19,7.38,8.57,74.91,15,5,4.72
490,Talcahuano,CL,2020-02-24 03:22:19,-36.72,-73.12,57.2,87,0,13.87
491,Canchungo,GW,2020-02-24 03:22:19,12.07,-16.03,77.0,78,99,4.7
492,Grootfontein,NA,2020-02-24 03:22:20,-19.57,18.12,63.88,89,100,4.61
493,Santa Maria,BR,2020-02-24 03:22:14,-29.68,-53.81,66.2,82,0,9.17
494,Mansa,IN,2020-02-24 03:22:20,29.98,75.38,61.12,57,68,2.13
495,Nishihara,JP,2020-02-24 03:22:20,26.18,127.76,71.6,60,20,8.05
496,Chicama,PE,2020-02-24 03:22:20,-7.84,-79.15,75.2,88,75,8.05
497,Abonnema,NG,2020-02-24 03:22:21,4.71,6.79,80.6,88,75,5.73
498,Irbil,IQ,2020-02-24 03:22:21,36.19,44.01,44.6,87,100,3.36
499,Hurghada,EG,2020-02-24 03:18:46,27.26,33.81,59.0,64,100,9.17
500,Yen Bai,VN,2020-02-24 03:21:43,21.7,104.87,72.81,62,99,2.04
501,Katherine,AU,2020-02-24 03:22:21,-14.47,132.27,95.0,50,100,13.87
502,Dong Hoi,VN,2020-02-24 03:22:22,17.48,106.6,72.68,72,6,6.53
503,Fallon,US,2020-02-24 03:22:22,39.47,-118.78,53.6,34,20,6.93
504,Sjoholt,NO,2020-02-24 03:22:22,62.48,6.81,36.0,74,100,11.41
505,Sladkovo,RU,2020-02-24 03:22:22,55.53,70.34,11.75,96,98,4.68
506,Srednekolymsk,RU,2020-02-24 03:22:22,67.45,153.68,-15.84,92,95,1.5
507,Dawei,MM,2020-02-24 03:22:23,14.08,98.2,80.02,53,0,2.8
508,Acajutla,SV,2020-02-24 03:22:23,13.59,-89.83,82.27,72,0,11.99
509,Pemangkat,ID,2020-02-24 03:22:23,1.17,108.97,81.68,77,66,10.02
510,Aneho,TG,2020-02-24 03:22:23,6.23,1.6,84.2,83,20,8.05
511,Kerman,IR,2020-02-24 03:22:23,30.28,57.08,35.6,43,36,4.7
512,Zhob,PK,2020-02-24 03:22:24,31.34,69.45,53.8,54,8,3.49
513,Marawi,PH,2020-02-24 03:22:24,8.0,124.29,81.0,82,0,5.99
514,Lixourion,GR,2020-02-24 03:22:24,38.2,20.43,56.62,73,0,12.66
515,Fukuyama,JP,2020-02-24 03:22:24,34.48,133.37,57.99,43,0,4.7
516,Dalby,AU,2020-02-24 03:22:24,-27.18,151.27,82.99,73,75,10.29
517,Senj,HR,2020-02-24 03:22:24,44.99,14.91,50.0,81,40,4.7
518,Flin Flon,CA,2020-02-24 03:22:25,54.77,-101.86,22.69,95,100,4.88
519,Avera,US,2020-02-24 03:22:25,33.19,-82.53,55.0,66,90,3.98
520,Killybegs,IE,2020-02-24 03:22:25,54.63,-8.45,35.01,93,100,15.99
521,Aykhal,RU,2020-02-24 03:22:25,66.0,111.5,8.6,92,82,6.71
522,Saint-Joseph,RE,2020-02-24 03:22:26,-21.37,55.62,77.0,61,0,6.93
523,Omsukchan,RU,2020-02-24 03:22:26,62.53,155.8,-8.39,93,84,1.48
524,Hodkovice Nad Mohelkou,CZ,2020-02-24 03:22:26,50.67,15.09,37.99,83,81,11.99
525,Alekseyevskaya,RU,2020-02-24 03:22:26,50.29,42.18,35.01,89,100,4.0
526,Nantucket,US,2020-02-24 03:19:25,41.28,-70.1,39.99,86,1,10.29
527,Crown Point,US,2020-02-24 03:22:27,41.42,-87.37,44.6,86,1,5.84
528,Mezen,RU,2020-02-24 03:22:27,65.85,44.24,31.64,90,100,16.93
529,Yashkul,RU,2020-02-24 03:22:27,46.17,45.34,39.6,80,100,10.16
530,San Policarpo,PH,2020-02-24 03:22:27,12.18,125.51,81.68,72,33,12.64
531,Dekar,BW,2020-02-24 03:22:27,-21.53,21.93,67.06,89,100,12.15
532,Tokur,RU,2020-02-24 03:22:28,53.13,132.9,12.25,88,95,3.06
533,Yakovlevka,RU,2020-02-24 03:22:28,44.42,133.48,29.57,75,97,11.01
534,Luganville,VU,2020-02-24 03:22:28,-15.53,167.17,86.0,70,75,9.17
535,Ashqelon,IL,2020-02-24 03:22:28,31.67,34.57,51.8,87,40,2.24
536,Hirado,JP,2020-02-24 03:22:29,33.36,129.55,57.2,66,100,5.82
537,Chernitsyno,RU,2020-02-24 03:22:29,51.51,36.05,32.0,91,90,4.47
538,Zhigansk,RU,2020-02-24 03:22:29,66.77,123.37,-6.12,93,100,16.24
539,Gap,FR,2020-02-24 03:21:29,44.67,6.0,43.0,65,0,6.42
540,Sinjar,IQ,2020-02-24 03:22:29,36.32,41.88,46.36,84,31,1.48
541,Axim,GH,2020-02-24 03:22:30,4.87,-2.24,78.01,92,63,2.53
542,Praia,CV,2020-02-24 03:22:30,14.92,-23.51,68.0,77,75,11.41
543,Gladstone,AU,2020-02-24 03:21:09,-23.85,151.25,89.01,62,75,10.29
544,Ishigaki,JP,2020-02-24 03:22:30,24.34,124.16,75.2,64,20,11.41
545,High Level,CA,2020-02-24 03:22:30,58.52,-117.14,19.4,67,20,11.41
546,Stepnyak,KZ,2020-02-24 03:22:31,52.83,70.78,12.45,94,100,4.68
547,Carora,VE,2020-02-24 03:22:31,10.18,-70.08,72.5,68,96,3.56
548,Makakilo City,US,2020-02-24 03:19:49,21.35,-158.09,82.4,48,75,10.29
